SEXO,IN_PUBLICA,media_lp_por_sex_esc,dp_lp_por_sex_esc,media_mt_por_sex_esc,dp_mt_por_sex_esc
A,1,-0.047604696148739,0.915987176093033,0.0991428918053465,0.879680628164062
.,1,-0.149893986993031,0.915427681926509,-0.226720607695531,0.863703508926757
B,1,0.189589142475245,0.858840419107518,-0.0360049681071497,0.83721359686754
B,0,0.809922561845331,0.774460153191402,0.66390918431023,0.827396880467795
.,0,0.422319064275037,0.893985201774551,0.403562197309417,0.946767461198554
A,0,0.565161646293495,0.907566536386009,0.792767918078669,0.882126452861426
*,1,-0.218448494641117,0.981921928583579,-0.332015081195193,0.917923504494437
*,0,0.43007272972973,0.984331804699503,0.492095540540541,0.996439787154904
